asset_id,start_hour
A1,13.405052123169419
A2,39.10886890865307
A3,16.968240140834492
A4,46.699565322495474
