asset_id,start_hour
A1,3.1712530261677268
A2,1.508604770429887
A3,0.0
A4,60.61600586577646
