node_id,location_x,location_y
Weggis,47.02697,8.40354
Luzern,47.05088,8.31124
Küsnacht_am_Rigi,47.08293,8.43305
Arth_Goldau,47.04891,8.55378
Rigi,47.05526,8.48603
